{
    "version": "0.1",
    "SN": "",
    "Scheme": "opencv",
    "ImageShape": [
        1920,
        1080
    ],
    "CameraParameters1": {
        "RadialDistortion": [
            0.23985715016651993,
            0.5135877589717458,
            -0.7716157797896972
        ],
        "TangentialDistortion": [
            -0.0027943023052242268,
            -0.020016642697845262
        ],
        "IntrinsicMatrix": [
            [
                1846.889673259056,
                0.0,
                930.4847929617675
            ],
            [
                0.0,
                1846.8541314894787,
                531.2102172864601
            ],
            [
                0.0,
                0.0,
                1.0
            ]
        ]
    },
    "CameraParameters2": {
        "RadialDistortion": [
            0.2358207290604727,
            0.49631273552758026,
            0.98565915157394
        ],
        "TangentialDistortion": [
            -0.008019825672861533,
            -0.010124786695471068
        ],
        "IntrinsicMatrix": [
            [
                1857.5260224422718,
                0.0,
                949.459463322651
            ],
            [
                0.0,
                1857.9645107626393,
                525.0625388715946
            ],
            [
                0.0,
                0.0,
                1.0
            ]
        ]
    },
    "RotationOfCamera2": [
        [
            0.9999692387068961,
            0.0026303171327885736,
            -0.007389389131150369
        ],
        [
            -0.002671892801259737,
            0.9999806258817757,
            -0.005622174841700091
        ],
        [
            0.00737445786544209,
            0.00564174555195712,
            0.999956893110057
        ]
    ],
    "TranslationOfCamera2": [
        -4.1762474135293655,
        0.024215720015490994,
        -0.4015146910535219
    ],
    "FundamentalMatrix": [
        [
            -5.535238425951019e-09,
            2.4862109599353353e-06,
            -0.0010645300847430096
        ],
        [
            -2.294111490145264e-06,
            1.3927650024467608e-07,
            0.04982492984901579
        ],
        [
            0.001059683469902852,
            -0.05045306403754974,
            1.0
        ]
    ],
    "EssentialMatrix": [
        [
            -0.0008942264056903515,
            0.4016435309911135,
            0.0219572903564993
        ],
        [
            -0.37070477935569107,
            0.022505214298207333,
            4.179034336785803
        ],
        [
            -0.013056489708141168,
            -4.176230197441481,
            0.023658532519345327
        ]
    ]
}